"Total","NRenew","Batt","Renew","Gas","Coal","Solar","HyproP","GasR","GasO","GasC","GasS","Dist","BlCoal","BrCoal","BattD","BattC","SolarR","SolarU","Wind","Bio","Hydro","Pumps"
561.2,425.25,0.03,135.95,41.15,384.09,32.7,48.69,2.33,6.53,23.25,9.04,0.01,281.32,102.77,0.19,0.16,21.3,11.4,54.14,0.39,49.46,0.77
568.84,426.45,0.06,142.39,43.73,382.72,20.24,52.17,2.33,4.7,26.08,10.62,0,281.21,101.51,0.2,0.14,13.45,6.79,69.44,0.48,53.2,1.03
564.55,437.18,0.1,127.37,55.57,381.61,22.85,52.5,2.28,6.14,34.68,12.47,0,281.48,100.13,0.19,0.09,15.22,7.63,51.18,0.74,54.02,1.52
567.37,446.96,0.02,120.41,63.5,383.46,26.97,59.01,2.31,10.44,37.72,13.03,0,290.29,93.17,0.15,0.13,17.02,9.95,33.72,0.69,59.3,0.29
537.51,446.21,0.06,91.3,54.84,391.37,26.59,51.28,2.32,8.86,29.34,14.32,0,297.65,93.72,0.17,0.11,16.68,9.91,13.03,0.34,51.65,0.37
534.67,445.03,0.05,89.64,57.8,387.22,21.59,53.6,2.25,11.59,30.07,13.89,0.01,293.8,93.42,0.21,0.16,13.27,8.32,13.68,0.72,54.38,0.78
585.8,465.75,0.05,120.05,65.09,400.36,29.26,56.89,2.29,14.79,32.09,15.92,0.3,307.46,92.9,0.16,0.11,18.2,11.06,33.2,0.65,58,1.11
595.02,472.07,0,122.95,63.96,408.07,26.32,51.92,2.28,11.36,31.26,19.06,0.04,314.91,93.16,0.17,0.17,16.42,9.9,44.28,0.43,53.53,1.61
606.11,496.23,0,109.88,89.95,406.21,31.77,65.23,2.18,26.24,34.99,26.54,0.07,317.88,88.33,0.21,0.21,19.85,11.92,12.07,0.81,67.68,2.45
621.56,508.92,0.14,112.64,84.66,424.26,23.47,76.25,2.2,21.06,34.4,27,0,331.13,93.13,0.24,0.1,12.91,10.56,11.83,0.95,77.51,1.26
620.79,501.68,0.06,119.11,71.31,430.35,31.6,67.96,2.2,16.6,28.43,24.08,0.02,333.06,97.29,0.19,0.13,19.86,11.74,18.64,0.85,69.36,1.4
587.16,477.84,-0.00999999999999998,109.32,51.79,426.04,32.41,55.36,2.2,11.75,24.9,12.94,0.01,323.75,102.29,0.17,0.18,19.46,12.95,20.63,0.93,56.68,1.32
584.27,476.28,0.07,107.99,53.92,422.35,30.66,57.75,2.21,7.69,28.22,15.8,0.01,320.64,101.71,0.15,0.08,18.25,12.41,18.58,0.93,58.23,0.48
632.8,489.89,0.04,142.91,61.75,428.13,28.69,66.12,2.22,9.55,33.64,16.34,0.01,325.74,102.39,0.18,0.14,17.68,11.01,47.15,0.91,67.47,1.35
618.96,498.83,0.07,120.13,65.41,433.41,27.56,60.36,2.2,13.75,30.19,19.27,0.01,330.72,102.69,0.22,0.15,16.95,10.61,31.23,0.91,61.54,1.18
593.36,477.47,0.07,115.89,48.4,428.33,26.16,52.41,0,9.03,29.83,9.54,0.74,326.11,102.22,0.2,0.13,15.16,11,37.25,0,53.43,1.02
590.7,442.98,0.06,147.72,31.65,410.95,30.78,34.8,2.18,2.63,22.98,3.86,0.38,308.45,102.5,0.25,0.19,19.32,11.46,81.43,0.65,37.2,2.4
573.34,431.36,0.09,141.98,25.93,404.92,28.41,31.14,2.22,0.34,19.41,3.96,0.51,302.32,102.6,0.18,0.09,19.04,9.37,81.51,0.83,33.98,2.84
543.59,403.31,-0.02,140.28,17.8,385.51,22.23,28.33,2.29,0.98,11.89,2.64,0,284.5,101.01,0.12,0.14,13.41,8.82,88.36,1.38,29.4,1.07
539.22,400.34,0.07,138.88,21.81,378.51,31,29.25,2.31,0.98,14.06,4.46,0.02,277.39,101.12,0.19,0.12,18.75,12.25,77.08,1.48,32.35,3.1
597.68,451.63,0.06,146.05,36.29,415.3,27.13,40.1,2.22,6.14,21.17,6.76,0.04,314.52,100.78,0.19,0.13,17.29,9.84,77.41,1.35,40.93,0.83
583.77,480.26,0.07,103.51,56.15,423.74,27.97,45.29,0,14.57,23.9,17.68,0.37,322.06,101.68,0.21,0.14,16.99,10.98,30.18,0,46.43,1.14
592.46,487.67,0.03,104.79,60.98,426.6,27.6,50.77,2.23,18.09,25.51,15.15,0.09,324.27,102.33,0.12,0.09,16.39,11.21,25.64,0.75,51.81,1.04
588.9,465.14,0.05,123.76,48.98,415.45,25.35,45.96,2.24,12.76,24.99,8.99,0.71,313.95,101.5,0.19,0.14,15.6,9.75,52.19,0.21,46.5,0.54
580.83,452.48,0.07,128.35,46.15,406.12,23.91,43.16,2.28,6.79,31.48,5.6,0.21,303.53,102.59,0.18,0.11,15.2,8.71,60.68,0.53,44.12,0.96
535.24,408.34,0.03,126.9,29.39,378.95,24.99,33.54,2.28,2.32,22.17,2.62,0,280.16,98.79,0.16,0.13,15.79,9.2,67.87,0.47,35.1,1.56
526.7,422.83,0.05,103.87,44.82,378.01,20.64,39.06,2.29,6.62,29.07,6.84,0,289.48,88.53,0.18,0.13,14.57,6.07,43.75,0.37,42.6,3.54
571.99,470.51,0.02,101.48,69.47,401.03,21.64,51.74,2.33,13.01,40.27,13.86,0.01,311.5,89.53,0.19,0.17,13.99,7.65,28.08,0,52.27,0.53
583.69,460.91,0.07,122.78,70.91,390,29.79,56.15,2.32,16.84,38.63,13.12,0,300.6,89.4,0.2,0.13,19.87,9.92,36.77,0,56.76,0.61
592.79,431.28,0.02,161.51,52.83,378.43,27.65,48.32,2.25,11.51,30.61,8.46,0.02,293.63,84.8,0.23,0.21,19.32,8.33,84.76,0.76,49.66,1.34
593.47,419.05,0.03,174.42,49.91,369.14,27.11,46.99,2.34,9.96,25.17,12.44,0,295.28,73.86,0.22,0.19,18.04,9.07,99.14,1.15,48.89,1.9
584.76,411.3,0.08,173.46,49.79,361.49,28.72,48.52,2.25,9.39,28.15,10,0.02,289.5,71.99,0.21,0.13,18.1,10.62,94.95,1.19,50.47,1.95
563.93,401.47,0.05,162.46,42.03,359.41,32.02,43.05,2.31,8.81,21.77,9.14,0.03,275.09,84.32,0.19,0.14,20.59,11.43,86.34,1,46.76,3.71
569.37,405.81,0.03,163.56,37.61,368.17,30.7,44.76,2.33,6.29,21.68,7.31,0.03,283.42,84.75,0.15,0.12,18.77,11.93,86.87,1.2,48.18,3.42
602.8,437.69,0.06,165.11,60.28,377.37,31.48,53.02,2.31,8.36,32.69,16.92,0.04,293.93,83.44,0.22,0.16,19.93,11.55,79.42,1.13,59.14,6.12
599.94,467.18,0.09,132.76,71.94,395.22,30.74,48.99,2.27,16.66,34.04,18.97,0.02,306.55,88.67,0.24,0.15,19.54,11.2,51.66,1.28,55.67,6.68
596.34,453.65,0,142.69,55.21,398.44,29.71,45.14,2.28,12.34,30.85,9.74,0,307.77,90.67,0.15,0.15,18.6,11.11,67,0.84,50.24,5.1
597.08,452.53,0.02,144.55,55.85,396.68,37.37,43.78,2.25,11.94,29.68,11.98,0,307.11,89.57,0.18,0.16,23.81,13.56,62.57,0.81,49.86,6.08
591.67,462.08,0.06,129.59,67.05,395.03,39.06,51.46,2.32,17.52,30.2,17.01,0,311.62,83.41,0.19,0.13,26.02,13.04,38.23,0.78,52.77,1.31
547.67,392.03,0.04,155.64,25.74,366.29,40.3,35.71,2.34,2.02,19.13,2.25,0,283.9,82.39,0.19,0.15,26.05,14.25,78.73,0.86,40.61,4.9
530.96,385.44,0.05,145.52,30.9,354.54,36.54,38.11,2.27,4.21,18.64,5.78,0,271.99,82.55,0.21,0.16,23.88,12.66,69.48,1.34,43.38,5.27
578.17,415.76,0.05,162.41,38.88,376.86,35.21,45.17,2.34,6.99,24.25,5.3,0.02,293.88,82.98,0.2,0.15,23.43,11.78,80.86,1.12,46.81,1.64
582.12,410.24,0.03,171.88,34.68,375.54,35.41,43.77,2.23,5.24,21.45,5.76,0.02,290.02,85.52,0.19,0.16,23.04,12.37,91.72,0.95,46.6,2.83
583.39,440.59,0.1,142.8,53.96,386.6,36.33,50.22,2.25,8.99,29.25,13.47,0.03,294.83,91.77,0.21,0.11,23.85,12.48,55.17,0.98,54.13,3.91
587.15,463.22,0.02,123.93,57.86,405.33,33.07,49.15,2.26,12.65,29.76,13.19,0.03,313.24,92.09,0.16,0.14,20.81,12.26,40.71,0.98,50.06,0.91
586.11,472.03,0.08,114.08,69.88,402.14,26.32,57.24,2.27,15.47,30.84,21.3,0.01,311.12,91.02,0.21,0.13,16.95,9.37,28.99,1.45,58.23,0.99
543.49,447.97,0.09,95.52,48.5,399.47,35.56,46.82,2.09,8.9,21.41,16.1,0,306.96,92.51,0.19,0.1,22.42,13.14,11.63,1.42,47.47,0.65
534.25,429.92,0.03,104.33,37.07,392.85,35.12,42.7,2.24,4.43,18.82,11.58,0,300.67,92.18,0.18,0.15,22.59,12.53,25.01,1.47,44.85,2.15
584.33,472.6,0.05,111.73,63.63,408.97,31.94,51.8,2.13,14.11,27.75,19.64,0,316.91,92.06,0.16,0.11,21.87,10.07,26.71,1.23,53.7,1.9
594.23,481.23,0.07,113,67.75,413.45,34.12,57.78,1.7,14.35,30.16,21.54,0.03,321,92.45,0.17,0.1,21.24,12.88,20.49,0.54,59.87,2.09
597.97,482.69,0.1,115.28,70.79,411.84,35.85,60.49,2.14,15.81,27.93,24.91,0.06,319.82,92.02,0.2,0.1,22.62,13.23,18.24,0.6,61.93,1.44
592.22,479.97,0.06,112.25,75.99,403.98,30.48,53.63,2.1,17.4,35.24,21.25,0,312.27,91.71,0.16,0.1,20.07,10.41,27.07,1.01,54.85,1.22
588.63,476.95,0.05,111.68,76.41,400.53,31.28,54.46,2.23,15.67,34.95,23.56,0.01,310.87,89.66,0.18,0.13,19.92,11.36,24.75,1.14,55.31,0.85
547.21,431.05,0.07,116.16,66.22,364.83,30.45,48.37,2.26,12.66,31.19,20.11,0,293.63,71.2,0.22,0.15,20.89,9.56,35.77,1.5,49.68,1.31
538.66,432.65,0.08,106.01,66.78,365.87,36.69,50.61,2.17,13.31,30.02,21.28,0,294.67,71.2,0.22,0.14,23.79,12.9,17.23,1.4,53.29,2.68
578.21,443.65,0.05,134.56,69.5,374.12,39.05,51.76,2.12,14.1,36.18,17.1,0.03,302.01,72.11,0.18,0.13,26.67,12.38,42.4,1.3,53.18,1.42
592.08,438.07,-0.02,154.01,57.73,380.3,38.13,46.92,2.04,12.73,29.36,13.6,0.04,301.74,78.56,0.18,0.2,24.35,13.78,68.01,0.97,47.36,0.44
588.41,471.07,0.12,117.34,84.24,386.79,27.42,55.46,2.13,19.07,37.25,25.79,0.04,306.45,80.34,0.22,0.1,16.78,10.64,33.4,0.94,56.96,1.5
597.19,430.97,0.09,166.22,60,370.97,32.88,43.63,2.19,10.51,34.3,13,0,291.3,79.67,0.25,0.16,22.04,10.84,88.84,0.78,45.54,1.91
605.43,423.89,0.08,181.54,56.21,367.67,37.71,50.08,2.11,14.55,25.26,14.29,0.01,289.28,78.39,0.25,0.17,24.94,12.77,92.6,1.07,51.95,1.87
577.95,408.95,0.13,169,39.81,369.13,37.73,32.73,2.29,7.06,21.01,9.45,0.01,286.52,82.61,0.21,0.08,25.76,11.97,96.87,1.54,36.86,4.13
569.76,409.22,0.02,160.54,42.69,366.53,38.56,32.5,2.27,7.72,20.9,11.8,0,284.94,81.59,0.21,0.19,26.07,12.49,87.92,1.54,35.47,2.97
605.22,476.28,0.18,128.94,80.68,395.36,43.11,54.76,2.33,21.07,32.31,24.97,0.24,311.98,83.38,0.27,0.09,27.13,15.98,29.61,1.28,56.86,2.1
608.15,488.17,0.09,119.98,85.7,402.16,40.11,64.01,1.9,22.33,34.53,26.94,0.31,314.76,87.4,0.3,0.21,25.48,14.63,14.55,1.22,66.43,2.42
596.14,460.11,0.05,136.03,66.76,392.99,39.34,53.3,2.01,18.71,29.9,16.14,0.36,314.37,78.62,0.23,0.18,25.46,13.88,42.1,1.24,55.02,1.72
591.01,428.03,0.05,162.98,47.08,380.82,42.85,33.84,2.19,10.48,24.88,9.53,0.13,302.38,78.44,0.21,0.16,27.92,14.93,85,1.24,37.17,3.33
576.95,437.54,0.12,139.41,59.97,377.57,35.94,38.27,2.19,11.5,29.25,17.03,0,295.34,82.23,0.26,0.14,24.16,11.78,63.78,1.3,41.88,3.61
527.21,412.68,0.1,114.53,37.06,375.62,45.06,28.58,2.18,3.84,24.09,6.95,0,284.09,91.53,0.23,0.13,30.5,14.56,39.3,1.49,34.71,6.13
519.07,378.08,0.03,140.99,21.09,356.99,37.57,21.95,2.14,1.07,14.58,3.3,0,266.35,90.64,0.2,0.17,24.66,12.91,80.24,1.2,31.51,9.56
583.93,415.31,0.08,168.62,41.7,373.6,44.32,39.48,2.23,8.27,22.68,8.52,0.01,282.87,90.73,0.23,0.15,29.36,14.96,83.8,0.94,44.32,4.84
586.88,415.14,0.1,171.74,37.04,378.1,42.63,36.58,2.14,7.11,21.15,6.64,0,286.48,91.62,0.22,0.12,26.82,15.81,91.81,0.62,41.96,5.38
570.82,396.26,0.06,174.56,27.28,368.98,43.28,33.7,2.23,2.15,17.06,5.84,0,279.13,89.85,0.24,0.18,28.95,14.33,96.39,1.13,38.51,4.81
575.69,424.07,0.08,151.62,52.54,371.53,42.29,45.69,2.08,11.91,26.51,12.04,0,281.11,90.42,0.27,0.19,27.52,14.77,62.31,1.25,48.29,2.6
578.48,432.04,0.08,146.44,57.21,374.83,51.12,46.94,2.2,11.74,32.15,11.12,0,293.23,81.6,0.27,0.19,33.43,17.69,47.18,1.12,48.47,1.53
529.74,368.5,0.04,161.24,28.23,340.26,44.07,34.9,2.17,1.74,16.38,7.94,0.01,262.41,77.85,0.2,0.16,29.74,14.33,81,1.23,37.79,2.89
522.12,406.07,0.08,116.05,58.32,347.75,44.24,37.33,2.23,12.04,29.81,14.24,0,265.34,82.41,0.25,0.17,29.49,14.75,32.88,1.52,39.46,2.13
577.45,463.64,0.05,113.81,89.24,374.11,43.88,50.01,2.22,24.61,44.24,18.17,0.29,282.33,91.78,0.25,0.2,26.97,16.91,18.55,1.32,50.96,0.95
576.13,459.49,0.1,116.64,81.99,377.3,42.57,46.46,2,22.07,41.17,16.75,0.2,285.59,91.71,0.26,0.16,26.21,16.36,26.58,0.93,46.91,0.45
582.77,453.21,0.03,129.56,75.3,377.91,34.44,40.7,2.19,22.41,43.2,7.5,0,286.18,91.73,0.23,0.2,19.46,14.98,53.48,0.91,43.25,2.55
598.76,469.48,-0.01,129.28,86.94,382.31,36.42,54,2.24,30.75,45.1,8.85,0.23,290.47,91.84,0.22,0.23,21.69,14.73,37.78,1.09,55.79,1.79
593.27,453.62,0.13,139.65,73.72,379.89,45.1,53.24,2.23,26.21,38.56,6.72,0.01,289.07,90.82,0.31,0.18,29.61,15.49,40,1.18,55.92,2.68
537.1,392.56,0.03,144.54,44.73,347.82,45.75,34.32,2.14,8.99,27.5,6.1,0.01,265.23,82.59,0.18,0.15,31.51,14.24,62.92,1.52,38.06,3.74
512.97,382.43,0.04,130.54,43.56,338.86,44.62,35.02,2.04,7.37,27.12,7.03,0.01,261.93,76.93,0.2,0.16,30.99,13.63,49.47,1.39,38.68,3.66
556.24,414.93,-0.00999999999999998,141.31,55.57,359.35,48.49,42.03,2.17,12.09,33.89,7.42,0.01,273.27,86.08,0.17,0.18,31.71,16.78,49.43,1.37,43.26,1.23
549.43,425.83,0.07,123.6,67.3,358.49,51.49,41.18,2.14,16.35,35.5,13.31,0.04,272.33,86.16,0.23,0.16,34.52,16.97,29.81,1.05,42.09,0.91
553.16,432.35,0.09,120.81,76.2,356.11,42.28,43.48,1.96,18.33,38.5,17.41,0.04,271.71,84.4,0.23,0.14,30.41,11.87,34.18,0.78,45.04,1.56
547.85,421.08,0.03,126.77,66.52,354.54,47.51,45.27,1.76,15.2,35.9,13.66,0.02,268.54,86,0.21,0.18,33.01,14.5,32.8,1.16,46.47,1.2
559.76,394.61,0.14,165.15,38.41,356.2,42.39,37.7,2.05,7.41,21.96,6.99,0,269.77,86.43,0.25,0.11,28,14.39,83.63,1.29,39.95,2.25
532.07,365.11,0.13,166.96,32.07,333.04,45.06,34.62,2.13,6.08,15.63,8.23,0,247.43,85.61,0.29,0.16,30.84,14.22,85.82,1.33,38.84,4.22
524.14,361.73,0.08,162.41,25.93,335.8,43.19,33.01,2.16,3.6,13.37,6.8,0,250.02,85.78,0.23,0.15,30.6,12.59,84.77,1.36,36.89,3.88
575.26,408.16,0.06,167.1,53.1,355.05,51.46,47.94,2.11,10.04,26.59,14.36,0.01,269.41,85.64,0.21,0.15,34.19,17.27,66.86,0.78,50.73,2.79
573.14,454.85,0.06,118.29,89.44,365.36,51.84,48.25,2.07,24.95,37.55,24.87,0.05,280.43,84.93,0.23,0.17,33.18,18.66,17.89,0.25,49.18,0.93
559.03,427.04,0.04,131.99,60.94,366.07,53.95,31.92,2.09,11.77,32.32,14.76,0.03,279.25,86.82,0.14,0.1,35.11,18.84,45.39,0.69,34.19,2.27
552.4,400.57,0.04,151.83,52.24,348.33,49.82,32.81,2.02,12.22,23.47,14.53,0,263.8,84.53,0.21,0.17,32.61,17.21,67.89,1.27,35.32,2.51
547.56,421.77,0.06,125.79,79.46,342.3,51.85,36.78,2.06,20.61,32.95,23.84,0.01,262.18,80.12,0.18,0.12,33.21,18.64,36.08,1.02,37.6,0.82
503.17,383.06,0.04,120.11,56.69,326.37,54.74,30.27,1.9,12.29,23.42,19.08,0,246.33,80.04,0.17,0.13,37.05,17.69,33.96,1.1,32.08,1.81
492.16,361.12,0.05,131.04,30.56,330.55,44.31,26.16,1.99,5.31,15.36,7.9,0.01,250.14,80.41,0.24,0.19,30.12,14.19,59.34,1.18,28.31,2.15
543.11,399.23,0.09,143.88,60.68,338.54,43.04,36.82,2.15,16.9,31.5,10.13,0.01,267.5,71.04,0.27,0.18,29.68,13.36,63.01,0.92,40.51,3.69
574.14,434.65,0.08,139.49,87.77,346.6,44.72,53.01,2.15,28.62,36.29,20.71,0.28,279.85,66.75,0.23,0.15,29.81,14.91,40.84,0.84,53.81,0.8
557.04,419.94,0.05,137.1,77.83,342.08,49.95,42.49,2.04,23.45,34.87,17.47,0.03,274.62,67.46,0.21,0.16,33.91,16.04,43.74,0.87,42.93,0.44
539.03,371.59,0.1,167.44,32.58,339.01,48.65,35.36,2.03,5.88,15.96,8.71,0,271.91,67.1,0.24,0.14,33.4,15.25,82.09,1.24,36.28,0.92
526.31,382.13,0.06,144.18,38.38,343.74,43.4,34.17,2.08,6.98,19.49,9.83,0.01,276.83,66.91,0.19,0.13,28.01,15.39,65.37,1.18,36.24,2.07
493.9,357.97,0.07,135.93,37.48,320.47,40.42,30.84,2.09,9.34,12.68,13.37,0.02,261.61,58.86,0.24,0.17,27.38,13.04,63.33,1.27,32.67,1.83
490.77,360.29,0.04,130.48,40.25,320.04,48.11,32.48,2.08,7.7,16.89,13.58,0,256.71,63.33,0.22,0.18,31.4,16.71,48.77,1.08,33.52,1.04
543.46,402.08,0.11,141.38,57.52,344.56,49.46,44.41,2.03,14.13,24.01,17.35,0,273.17,71.39,0.25,0.14,32.38,17.08,46.15,1.25,45.52,1.11
545.54,427.93,0.13,117.61,75.45,352.46,48.25,42.63,2.01,20.64,32.13,20.67,0.02,268.67,83.79,0.28,0.15,33.24,15.01,25.45,1.15,43.31,0.68
541.14,431.65,0.04,109.49,82.32,348.62,44.61,47.72,2.12,28.51,33.17,18.52,0.71,263.19,85.43,0.21,0.17,31.79,12.82,16.02,1.1,47.99,0.27
535.4,421.12,0.05,114.28,69.17,351.91,47.11,46.03,1.87,21.02,30.94,15.34,0.04,266.49,85.42,0.21,0.16,32.65,14.46,20.45,0.64,46.79,0.76
525,382.78,0.05,142.22,47.09,335.66,47.85,32.64,2.25,6.65,30.22,7.97,0.03,251.3,84.36,0.21,0.16,32.9,14.95,60.64,1.04,33.4,0.76
503.4,386.23,0.06,117.17,59.19,327.03,53.28,32.61,2.25,15.06,30.28,11.6,0.01,247.04,79.99,0.24,0.18,34.85,18.43,30.47,0.75,34.84,2.23
492.67,373.2,-0.01,119.47,51.96,321.24,53.69,28,2.08,10.45,25.1,14.33,0,239.47,81.77,0.18,0.19,36.35,17.34,36.48,1.31,30.77,2.77
542.46,409.63,0.11,132.83,63.86,345.77,47.67,49.07,2,19.66,25.42,16.78,0,260.39,85.38,0.24,0.13,31.84,15.83,34.74,1.24,50.01,0.94
538.23,395.05,0.1,143.18,57.04,337.99,49.46,48.2,2,22.22,15.02,17.8,0.02,252.52,85.47,0.25,0.15,35.05,14.41,44.32,1.1,48.83,0.63
531.39,392.71,0,138.68,53.61,338.87,50.33,35.21,2.01,17.21,18.51,15.88,0.23,253.45,85.42,0.2,0.2,37.72,12.61,52.36,0.78,36.21,1
529.14,405.57,0.12,123.57,57.21,348.22,54.7,36.61,2.04,19.23,16.01,19.93,0.14,262.97,85.25,0.25,0.13,40.02,14.68,31.02,1.12,38.39,1.78
515.73,391.14,0.06,124.59,52.03,338.95,47.61,39.76,0,21.22,15.2,15.61,0.16,254.61,84.34,0.26,0.2,32.84,14.77,37.16,0,41.73,1.97
475.59,366.49,0.12,109.1,30.79,335.69,42.48,22.75,0,5.28,14.74,10.77,0.01,250.43,85.26,0.25,0.13,28.66,13.82,43.75,0,24.28,1.53
476.56,344.52,0.03,132.04,26.45,318.06,47.99,14.22,1.72,3.9,15.36,5.47,0.01,237.02,81.04,0.19,0.16,30.03,17.96,69.54,0.26,21.58,7.36
506.58,384.35,0.01,122.23,46.35,338,50.13,26.89,1.93,6.23,26.03,12.16,0,252.51,85.49,0.22,0.21,33.29,16.84,44.99,0.21,28.42,1.53
548.82,411.75,0.03,137.07,65.05,346.68,46.09,29.81,1.87,17.25,32.28,13.65,0.02,260.98,85.7,0.21,0.18,31.24,14.85,60.93,0.21,30.71,0.9
542.59,419.41,0.03,123.18,78.92,340.44,53.24,41.59,1.94,18.84,38.36,19.78,0.05,254.74,85.7,0.16,0.13,36,17.24,28.13,0.19,42.61,1.02
540.5,432.15,0.07,108.35,84.01,347.89,48.27,35.34,1.95,23.1,38.91,20.05,0.25,262.2,85.69,0.2,0.13,34.15,14.12,24.67,0,37.27,1.93
534.03,420.75,0.02,113.28,68.64,352.1,44.09,29.09,2.01,14.97,37.84,13.82,0.01,262.48,89.62,0.16,0.14,30.39,13.7,40.08,0,30.26,1.17
499.27,388.89,0.06,110.38,51.64,337.25,44.68,25.16,1.96,7.54,34.91,7.23,0,250.67,86.58,0.18,0.12,29.67,15.01,40.48,0,26.19,1.03
483.64,366.6,0.03,117.04,44.01,322.59,48.81,19.53,1.99,6.15,27.02,8.85,0,242.28,80.31,0.21,0.18,33.36,15.45,48.67,0,22.14,2.61
522.49,416.82,0.02,105.67,71.35,345.43,52.88,29.97,2.02,17.74,37.38,14.21,0.04,263.89,81.54,0.18,0.16,36.51,16.37,22.8,0,32.45,2.48
532.57,417.57,0.07,115,65.37,352.09,51.78,39.08,1.93,11.92,35.5,16.02,0.11,271.02,81.07,0.23,0.16,34.64,17.14,23.81,0.26,40.34,1.26
539.51,416.92,0.05,122.59,58.64,358.24,44.18,37.95,1.91,10.74,30.91,15.08,0.04,277,81.24,0.25,0.2,30.01,14.17,40.14,0.27,39.35,1.4
547.2,396.89,0.12,150.31,43.68,353.16,54.77,24.01,1.91,8.24,25.02,8.51,0.05,269.84,83.32,0.27,0.15,37.07,17.7,71.2,0.21,26.71,2.7
534.79,389.94,0.02,144.85,39.04,350.9,60.31,16.43,2,6.24,26.87,3.93,0,262.27,88.63,0.18,0.16,41.41,18.9,67.47,0.62,20.72,4.29
502.33,369.96,0,132.37,32.65,337.3,49.62,11.93,1.93,3.46,24.26,3,0.01,256.4,80.9,0.21,0.21,32.92,16.7,70.08,0.74,16.87,4.94
488.76,382.25,0.06,106.51,47.72,334.52,58.98,8.28,1.87,7.67,29.92,8.26,0.01,256.6,77.92,0.17,0.11,38.59,20.39,38.41,0.78,16.49,8.21
528.85,416.13,0.04,112.72,62.68,353.44,59.52,26.22,1.96,12.55,33.16,15.01,0.01,267.74,85.7,0.19,0.15,40.83,18.69,26.13,0.81,28.43,2.21
530.1,420.64,0.05,109.46,70.76,349.86,62.34,28.76,2.04,15.01,38,15.71,0.02,263.85,86.01,0.2,0.15,43.01,19.33,17.03,1.28,31.12,2.36
538.28,417.7,0.03,120.58,66.69,351.01,64.25,33.87,2,13.96,35.74,14.99,0,265.95,85.06,0.16,0.13,44.73,19.52,21.08,1.35,36.2,2.33
553.17,398.73,0,154.44,54.38,344.35,61.43,29.21,1.97,11.26,32.71,8.44,0,259.02,85.33,0.2,0.2,44.14,17.29,62.75,1.05,31.14,1.93
544.55,388.91,-0.06,155.64,42.33,346.58,50.24,21.41,1.98,12.77,22.87,4.71,0,261.05,85.53,0.12,0.18,35.92,14.32,83.01,1.04,23.39,1.98
503.96,352.06,0,151.9,37.94,314.11,55.38,11.55,1.99,4.87,24.27,6.81,0.01,232.15,81.96,0.17,0.17,39.89,15.49,84.16,0.81,16.53,4.98
491.22,379.52,0.02,111.7,47.51,332.01,55.95,15.07,2.08,5.41,28.54,11.48,0,246.8,85.21,0.14,0.12,39.17,16.78,39.27,1.39,20.25,5.18
533.7,427.45,0.02,106.25,72.59,354.86,57.3,29.93,1.98,11.53,40.03,19.05,0,262.53,92.33,0.15,0.13,40.82,16.48,17.75,1.25,30.81,0.88
544.15,409.94,0.05,134.21,63.6,346.01,61.97,32.54,2.13,17.96,29.77,13.74,0.33,251.42,94.59,0.16,0.11,45.01,16.96,38.44,1.21,33.75,1.21
551.4,432.55,0.03,118.85,82.47,349.64,50.89,39.95,1.96,22.43,39.95,18.13,0.44,247.96,101.68,0.2,0.17,36.5,14.39,26.62,1.36,39.95,0
576.6,407.3,0.06,169.3,59.12,348.03,57.82,38.08,2.12,18.63,29.14,9.23,0.15,249.01,99.02,0.27,0.21,42.16,15.66,72.38,0.96,39.5,1.42
569.41,416.25,0,153.16,61.12,355.06,50.62,34.12,2.17,17.47,32.68,8.8,0.07,256.14,98.92,0.22,0.22,34.14,16.48,67.42,1,34.93,0.81
505.02,399.76,0.12,105.26,54.8,344.96,42.72,21.54,1.72,11.48,30.24,11.36,0,260.14,84.82,0.26,0.14,28.65,14.07,39.88,1,24.23,2.69
493.9,380.35,0.03,113.55,46.75,333.6,44.5,21.06,1.53,10.7,27.04,7.48,0,251.18,82.42,0.26,0.23,31.33,13.17,47.44,0.52,24.15,3.09
537.92,391.54,0.06,146.38,47.68,343.84,51.42,31.91,1.5,9.78,27.45,8.95,0.02,268.72,75.12,0.24,0.18,35.1,16.32,62.22,0.77,32.8,0.89
522.89,394.48,0,128.41,44.25,350.2,63.63,22.4,1.32,5.82,29.49,7.62,0.03,267.61,82.59,0.19,0.19,43.39,20.24,41.51,0.87,26.32,3.92
532.41,368.12,0.1,164.29,25.81,342.26,66.92,15.71,1.56,3.05,18.71,2.49,0.05,256.95,85.31,0.2,0.1,45.17,21.75,80.8,0.76,20.12,4.41
531.44,376.07,0.05,155.37,25.28,350.74,58.4,22.62,0.24,2.45,20.23,2.36,0.05,265.25,85.49,0.2,0.15,38.69,19.71,74.3,0,26.51,3.89
542.13,383.84,0.02,158.29,35.55,348.27,59.97,33.53,0,7.35,25.58,2.62,0.02,264.34,83.93,0.24,0.22,41.73,18.24,64.77,0,36.96,3.43
492.68,353.69,0.07,138.99,40.21,313.48,57.8,24.45,0.06,9.08,26.24,4.83,0,229.4,84.08,0.24,0.17,39.79,18.01,56.67,0,30.12,5.67
492.12,364.18,0.07,127.94,36.68,327.5,61.35,23.33,1.72,6.99,21.5,6.47,0,247.72,79.78,0.23,0.16,42.06,19.29,42.81,0.38,30.52,7.19
543.69,376.36,0.02,167.33,35.53,340.83,65.84,38.13,1.9,9.2,20.64,3.79,0,264.72,76.11,0.21,0.19,44.46,21.38,62.43,0.91,40.03,1.9
561.68,369.58,0.1,192.1,37.29,332.1,63.16,34.5,1.65,9.4,22.79,3.45,0.19,256.83,75.27,0.28,0.18,42.33,20.83,93.51,0.83,35.51,1.01
548.77,377.54,0.07,171.23,37.6,339.94,63.35,35.79,1.78,5.24,25.01,5.57,0,261.05,78.89,0.18,0.11,41.77,21.58,71.01,1.01,36.52,0.73
546.86,387.56,0.11,159.3,38.34,349.17,63.88,39.82,2.23,7.41,24.13,4.57,0.05,265.35,83.82,0.21,0.1,42.97,20.91,54.61,0.88,40.91,1.09
560.44,394.9,0.01,165.54,43.48,351.41,59.77,40.43,2,9.84,27.19,4.45,0.01,267.52,83.89,0.17,0.16,39.58,20.19,64.35,0.98,40.43,0
518.79,381.33,0.05,137.46,29.35,351.9,62.43,34.48,2.06,8.54,14.08,4.67,0.08,269.2,82.7,0.18,0.13,42,20.43,39.58,0.92,34.98,0.5
504.49,378.45,0.02,126.04,30.32,348.13,61.78,34.39,1.89,4.45,16.78,7.2,0,263.99,84.14,0.18,0.16,40.28,21.5,28.69,1.16,35.87,1.48
551.96,404.5,0.01,147.46,41.65,362.82,67.98,39.05,1.87,8.51,22.88,8.39,0.03,278.8,84.02,0.17,0.16,46.81,21.17,39.4,1.02,40.05,1
573.43,433.46,0.04,139.97,57.2,376.24,66.37,43.43,1.97,12.84,31.98,10.41,0.02,286.83,89.41,0.19,0.15,45.42,20.95,29.06,1.07,44.49,1.06
594.79,437.87,0.02,156.92,47.78,390.03,65.7,38.21,2.25,11.24,24.46,9.83,0.06,296.24,93.79,0.17,0.15,44.68,21.02,52.01,0.98,38.42,0.21
603.85,430.01,0.05,173.84,35.93,394.01,59.18,42.83,2.43,9.87,17.35,6.28,0.07,294.92,99.09,0.17,0.12,39.76,19.42,70.79,0.99,44,1.17
560.12,433.43,0.1,126.69,35.93,397.42,64.23,29.6,3.24,5.92,20.05,6.72,0.08,300.49,96.93,0.22,0.12,43.44,20.79,32.22,0.54,29.6,0
515.72,393.69,0,122.03,19.6,374.09,62.84,21.46,1.94,1.1,12.28,4.28,0,275.71,98.38,0.17,0.17,40.4,22.44,36.77,0.96,23.65,2.19
504.83,391.03,0.02,113.8,23.05,367.98,64.04,25.8,2.16,1.26,13.7,5.93,0,270,97.98,0.18,0.16,42.27,21.77,23.55,0.39,27.39,1.59
563.12,421.79,0.04,141.33,31.76,389.96,53.53,33.45,2.29,4.87,19.36,5.24,0.07,291.45,98.51,0.25,0.21,35.44,18.09,54.04,0.27,33.45,0
567.69,413.58,0,154.11,34.61,378.72,59.1,26.33,2.26,5.4,20.17,6.78,0.25,280,98.72,0.19,0.19,40.57,18.53,68.34,0.34,26.33,0
553.4,422.16,0.03,131.24,35.52,386.53,68.12,24.79,2.58,2.25,24.44,6.25,0.11,285.88,100.65,0.17,0.14,47.45,20.67,37.96,0.34,25.09,0.3
562.12,435.98,0.03,126.14,39.3,396.6,65.48,32.65,3.6,1.89,23.12,10.69,0.08,297.96,98.64,0.18,0.15,45.53,19.95,27.61,0.37,32.65,0
576.66,450.57,0.05,126.09,41.53,408.98,60.79,36.89,3.61,5.72,26.06,6.14,0.06,308.09,100.89,0.23,0.18,39.68,21.11,27.48,0.88,37.06,0.17
527.25,397.34,0.1,129.91,17.72,379.62,60.86,24.39,2.18,1.5,11.83,2.21,0,280.27,99.35,0.29,0.19,40.99,19.87,43.61,0.95,27.17,2.78
516.59,376.64,0.02,139.95,16.36,360.28,47.75,16.13,2.29,0.61,11.53,1.93,0,262.34,97.94,0.18,0.16,32.28,15.47,75.05,1,21.81,5.68
565.91,383.64,0.01,182.27,23.6,359.99,62.42,22.76,3.31,3.77,14.98,1.54,0.05,261.37,98.62,0.2,0.19,43.29,19.13,96.12,0.96,25.67,2.91
567.84,388.86,0.03,178.98,26.46,362.4,68.99,22.97,5.75,2.89,16.86,0.96,0,265.27,97.13,0.23,0.2,47.07,21.92,86.07,0.92,23.94,0.97
572.55,402.83,0.1,169.72,25.97,376.86,74.69,29.28,5.14,2.99,15.77,2.07,0,279.13,97.73,0.23,0.13,50.31,24.38,64.72,0.93,30.1,0.82
566.73,414.53,0.04,152.2,30.99,383.52,71.31,29.75,1.75,7.95,17.14,4.15,0.02,287.2,96.32,0.2,0.16,49.71,21.6,51.1,0,30.46,0.71
587.24,425.16,0.08,162.08,37.8,387.33,70.04,32.74,2.43,9.02,23.25,3.1,0.03,296.68,90.65,0.21,0.13,46.65,23.39,58.2,1.02,34.02,1.28
549.13,407.71,0.1,141.42,30.26,377.45,73.21,32.62,2.83,4.13,18.08,5.22,0,288.29,89.16,0.25,0.15,49.12,24.09,34.83,0.66,33.78,1.16
535.03,393.5,0.11,141.53,31.19,362.31,69.58,33.42,4.18,4.03,14.98,8,0,271.91,90.4,0.25,0.14,45.65,23.93,37.82,0.6,34.92,1.5
610.61,443.19,0.06,167.42,43.42,399.71,64.82,50.14,4.48,7.64,24.18,7.12,0.06,308.13,91.58,0.24,0.18,42.4,22.42,51.75,0.65,50.14,0
601.09,447.23,0.05,153.86,39.54,407.57,67.12,41.89,3.86,3.8,29.02,2.86,0.12,316.57,91,0.21,0.16,44.99,22.13,44.13,0.67,42.6,0.71
576.66,430.56,0.04,146.1,33.36,397.17,65.92,38.2,4.43,4.92,19.77,4.24,0.03,312.38,84.79,0.2,0.16,43.06,22.86,40.85,1.09,38.2,0
572.78,418.79,0.1,153.99,33.23,385.53,65.48,33.74,4.3,4.13,21.21,3.59,0.03,293.96,91.57,0.26,0.16,44.24,21.24,53.56,1.11,34.4,0.66
561,418.76,0.11,142.24,35.03,383.72,58.73,36.75,5.22,2.37,23.66,3.78,0.01,301.36,82.36,0.25,0.14,37.77,20.96,45.94,0.71,36.75,0
538.86,409.38,0.1,129.48,37.62,371.76,62.63,34.97,3.76,5.2,23.34,5.32,0,297.4,74.36,0.24,0.14,42.71,19.92,31.1,0.68,36.45,1.48
546.63,415.79,0.09,130.84,33.21,382.58,63.59,26.38,3.74,2.68,22.65,4.14,0,292.2,90.38,0.25,0.16,43.01,20.58,39.65,1.13,29.46,3.08
597.74,458.07,0.05,139.67,53.94,404.13,70.65,40.57,4.41,11.3,31.65,6.58,0,312.69,91.44,0.17,0.12,46.92,23.73,27.7,0.7,41.18,0.61
598.07,458.18,0.05,139.89,50.49,407.67,69.9,35.88,3.88,11.09,23.74,11.78,0.02,310.4,97.27,0.23,0.18,48.43,21.47,32.93,1.13,37,1.12
632.31,470.4,0.02,161.91,60.81,409.59,69.84,49.04,3.22,21.11,20.92,15.56,0,309.7,99.89,0.18,0.16,48.25,21.59,42.29,0.72,49.99,0.95
632.7,484.04,0.07,148.66,61.24,422.37,67.94,38.39,3.07,15.95,30.42,11.8,0.43,321.67,100.7,0.23,0.16,46.49,21.45,41.8,0.46,38.76,0.37
645.83,478.38,0.12,167.45,66.24,411.96,66.44,41.44,3.12,20.56,25.62,16.94,0.18,311.9,100.06,0.29,0.17,45.07,21.37,59.27,0.18,41.44,0
568.56,417.27,0.08,151.29,30.02,387.24,66.21,23.66,2.74,1.87,21.4,4.01,0.01,295.78,91.46,0.26,0.18,44.12,22.09,61.33,0.01,24.34,0.68
515.01,387.33,0.06,127.68,24.54,362.79,60.99,17.5,2.65,1.13,17.87,2.89,0,267.23,95.56,0.18,0.12,39.47,21.52,48.67,0.46,20.12,2.62
546.89,425.19,0.08,121.7,28.27,396.91,57.74,28.36,3.48,2.84,18.41,3.54,0.01,296.17,100.74,0.2,0.12,37.26,20.48,35.34,0.18,28.36,0
552.59,430.28,0.03,122.31,23.93,406.34,62.15,25.9,2.72,2.34,14.56,4.31,0.01,301.92,104.42,0.14,0.11,40.23,21.92,34.23,0,25.9,0
503.31,386.05,0.05,117.26,15.43,370.61,63.63,16.51,2.38,0.67,9.01,3.37,0.01,262.43,108.18,0.17,0.12,41.6,22.03,36.67,0.4,17.15,0.64
512.67,389.1,0.06,123.57,18.68,370.41,66.09,14.88,2.43,1.04,9.28,5.93,0.01,262.07,108.34,0.2,0.14,46.77,19.32,42.44,0.1,16.52,1.64
555.33,421.96,0.08,133.37,34.72,387.18,66.61,22.07,3.25,7.8,16.36,7.31,0.06,280.56,106.62,0.24,0.16,46.84,19.77,44.51,0.1,22.29,0.22
558.52,440.22,0.04,118.3,47.38,392.83,59.64,23.21,3.23,11.74,24.1,8.31,0.01,292.4,100.43,0.17,0.13,42.44,17.2,35.08,0.33,23.87,0.66
567.22,446.61,0.04,120.61,52.59,394.01,64.66,30.82,4.09,13.21,22.26,13.03,0.01,301,93.01,0.17,0.13,45.41,19.25,24.83,0.26,30.82,0
618.08,453,0.17,165.08,48.62,404.14,60.66,39.6,3.47,15.52,18.54,11.09,0.24,316.94,87.2,0.32,0.15,41.59,19.07,64.65,0,39.6,0
563.42,418.58,0.07,144.84,24.82,393.76,68.27,20.04,2.82,2.64,15.11,4.25,0,306.6,87.16,0.2,0.13,45.21,23.06,55.99,0.47,20.04,0
568.81,399.45,0.07,169.36,25.63,373.82,121.88,14.69,3.58,2.7,14.6,4.75,0,286.19,87.63,0.2,0.13,98.56,23.32,32.4,0.32,15.15,0.46
558.2,434.95,0.05,123.25,35.35,399.57,68.63,23.53,4.01,5.03,20.28,6.03,0.03,311.51,88.06,0.2,0.15,46.73,21.9,31.04,0,23.53,0
606.33,455.77,0.07,150.56,47.5,408.24,69.31,35.99,3.74,6.97,25.39,11.4,0.03,313,95.24,0.2,0.13,48.33,20.98,45.19,0,35.99,0
592.47,445.35,0.08,147.12,41.75,403.42,62.26,16.81,2.53,9.99,24.52,4.71,0.18,307.78,95.64,0.27,0.19,42.34,19.92,67.97,0,17.74,0.93
524.12,395.89,0.08,128.23,22.48,373.41,45.52,15.08,2.3,1.05,15.44,3.69,0,278.75,94.66,0.22,0.14,31.22,14.3,67.27,0.28,17,1.92
553.65,436.82,0.04,116.83,30.48,406.34,45.83,27.94,3.37,3.76,19.69,3.66,0,307.03,99.31,0.16,0.12,30.81,15.02,42.6,0.42,27.94,0
576.55,455.87,0.03,120.68,34.75,421.12,54.33,29.59,3.65,3.48,23.2,4.42,0,320.86,100.26,0.17,0.14,37.2,17.13,36.44,0.29,29.7,0.11
593.15,456.65,0.02,136.5,34.44,422.21,64.68,26.42,3.31,2.01,24.32,4.8,0,322.25,99.96,0.13,0.11,44.62,20.06,44.96,0.42,26.83,0.41
611.81,462.89,0.1,148.92,53.86,408.99,62.49,33.71,4.05,10.23,27.3,12.28,0.04,309.29,99.7,0.25,0.15,42.06,20.43,52.29,0.33,33.71,0
620.99,470.82,0.06,150.17,49.34,421.47,53.47,32.98,3.68,7.98,32.44,5.24,0.01,326.56,94.91,0.22,0.16,35.73,17.74,63.66,0,32.98,0
529.88,395.75,0.07,134.13,25.68,370.07,55,17.01,2.84,0.76,17.85,4.23,0,289.72,80.35,0.25,0.18,35.2,19.8,62.05,0,17.47,0.46
504.64,381.39,0.03,123.25,24.99,356.4,53.32,15.4,2.23,0.14,17.49,5.13,0,275.17,81.23,0.14,0.11,34.19,19.13,54.5,0,18.21,2.81
568.82,432.21,0.07,136.61,42.16,390.05,60.35,35.22,3.97,5.16,22.49,10.54,0,298.12,91.93,0.22,0.15,40.6,19.75,40.85,0.12,35.5,0.28
604.53,465.32,0.02,139.21,54.91,410.4,60.7,42.8,4.87,10.13,27.95,11.96,0.01,312.43,97.97,0.19,0.17,41.72,18.98,35.16,0.53,42.8,0
606.16,464.47,0.02,141.69,47.83,416.64,55.51,36.24,3.19,8.44,31.9,4.3,0,317.07,99.57,0.16,0.14,39.34,16.17,49.26,0.66,36.24,0
570.42,431.09,0.03,139.33,27.22,403.87,49.35,27.13,2.05,3.38,19.75,2.04,0,306.16,97.71,0.18,0.15,30.92,18.43,62.11,0.71,27.13,0
557.74,418.89,0.02,138.85,24.26,394.63,53.46,25.73,1.94,2.67,17.68,1.97,0,294.86,99.77,0.17,0.15,34.76,18.7,58.97,0.67,25.73,0
527.56,411.85,0.04,115.71,25.01,386.84,52.71,22.36,2.37,0.66,18.93,3.05,0,286.84,100,0.18,0.14,34.84,17.87,39.93,0.67,22.36,0
531.18,416.23,0.07,114.95,36.03,380.2,50.45,24.6,2.26,7.23,24.26,2.28,0,280.31,99.89,0.19,0.12,34.32,16.13,39.17,0.66,25.63,1.03
593.41,451.85,0.04,141.56,57.79,393.98,45.08,34.22,2.24,19.67,33.64,2.24,0.08,288.88,105.1,0.2,0.16,31.26,13.82,61.55,0.67,34.22,0
584.84,464.3,0.04,120.54,42.49,421.81,62.05,29.06,2.95,4.89,31.63,3.02,0,313.69,108.12,0.16,0.12,45.22,16.83,28.73,0.66,32.46,3.4
629.39,468.15,0.05,161.24,47.71,420.38,55.87,35.42,3.17,7.79,34.63,2.12,0.06,311.89,108.49,0.19,0.14,40,15.87,69.22,0.68,38.4,2.98
642.11,483.71,0.02,158.4,56.96,426.61,46.41,39.89,2.67,14.43,37.58,2.28,0.14,327.57,99.04,0.19,0.17,33.99,12.42,71.67,0.41,40.76,0.87
613.63,477.77,0.11,135.86,45.8,431.95,55.42,39.34,3.83,3.49,35.03,3.45,0.02,322.1,109.85,0.22,0.11,37.52,17.9,40.29,0.7,40.47,1.13
567.54,453.99,0.06,113.55,36.58,417.41,54.58,31.7,2.83,0.69,29.89,3.17,0,306.91,110.5,0.17,0.11,37.63,16.95,26.51,0.7,36.16,4.46
570.48,450.58,0.01,119.9,33.39,417.19,58.27,31.13,2.49,1.22,26.42,3.26,0,308.19,109,0.16,0.15,40.96,17.31,29.8,0.69,33.99,2.86
574.47,454.65,0.1,119.82,39.98,414.67,59.18,35.52,2.41,1.93,32.29,3.35,0,302.46,112.21,0.19,0.09,43.5,15.68,24.54,0.48,37.36,1.84
628.77,490.99,0.06,137.78,55.31,435.68,57.41,50.35,2.86,6.87,38.55,7.03,0,323.47,112.21,0.19,0.13,41.42,15.99,29.84,0.12,52.22,1.87
641.32,497.74,0.07,143.58,62.54,435.17,63.59,52.66,3.29,11.9,37.53,9.82,0.03,322.91,112.26,0.17,0.1,45.5,18.09,27.26,0,57.92,5.26
684.75,517.82,0.13,166.93,93.2,423.92,64.45,59.36,3.63,29.03,44.46,16.08,0.7,315.47,108.45,0.26,0.13,45.85,18.6,42.99,0,66.81,7.45
720.35,536.47,0.05,183.88,108.76,427.11,56.68,74.49,3.55,37.04,49.8,18.37,0.6,318.17,108.94,0.25,0.2,38.49,18.19,52.56,0.1,81.01,6.52
655.36,518.19,0.13,137.17,87.42,430.34,49.34,47.55,2.52,29.09,45.48,10.33,0.43,320.18,110.16,0.36,0.23,33.05,16.29,39.52,0.63,52.7,5.15
589.66,473.3,0.04,116.36,64.14,409.16,59.75,12.22,1.72,16.14,38.04,8.24,0,306.79,102.37,0.19,0.15,42.22,17.53,43.79,0.56,21.27,9.05
608.26,470.74,0.13,137.52,63.19,407.52,64.13,17.16,1.65,17.54,35.38,8.62,0.03,307.55,99.97,0.28,0.15,43.32,20.81,55.38,0.72,20.75,3.59
554.15,429.46,0.09,124.69,47.93,381.51,56.15,23.92,1.64,12.37,24.87,9.05,0.02,277.4,104.11,0.13,0.04,37.76,18.39,44.08,0.45,24.93,1.01
551.55,433.56,0.09,117.99,46.99,386.56,49.52,25.67,1.71,12.3,25.43,7.55,0.01,284.2,102.36,0.1,0.01,34.89,14.63,42.04,0.67,26.73,1.06
562.14,441.29,0.03,120.85,44.55,396.74,46.73,31.64,1.72,13.32,22.49,7.02,0,288.17,108.57,0.05,0.02,29.37,17.36,41.73,0.72,32.17,0.53
564.35,434.14,0.03,130.21,42.61,391.51,46.08,35.31,1.67,12.92,20.87,7.15,0.02,294.16,97.35,0.05,0.02,29.41,16.67,48.08,0.71,36.72,1.41
537.66,408.03,0.02,129.63,37.01,371,46.77,16.32,1.84,11.42,15.77,7.98,0.02,270.46,100.54,0.04,0.02,31.74,15.03,65.8,0.72,20.24,3.92
526.43,411.46,0.04,114.97,41.41,369.98,40.78,14.07,2.02,12.19,17.12,10.08,0.07,265.69,104.29,0.06,0.02,27,13.78,59.37,0.71,17.35,3.28
584.39,456.91,0.06,127.48,54.47,401.75,49.03,41.1,1.84,16.51,26.88,9.24,0.69,303.31,98.44,0.08,0.02,33.34,15.69,36.59,0.7,41.1,0
600.48,467.8,0.07,132.68,55.51,412.22,52.5,45.08,1.94,15.47,32.42,5.68,0.07,313.63,98.59,0.08,0.01,35.54,16.96,34.43,0.6,45.13,0.05
592.23,454.69,0.05,137.54,52.97,401.61,49.47,41.94,1.93,14.59,30.03,6.42,0.11,302.82,98.79,0.07,0.02,28.84,20.63,45.4,0.68,42.48,0.54
610.3,465.86,0.04,144.44,64.55,400.54,51.33,56.65,1.94,21.88,29.95,10.78,0.77,302.99,97.55,0.06,0.02,32.38,18.95,35.7,0.72,56.93,0.28
605.63,468,0.07,137.63,64.24,403.04,54.75,55.73,1.83,21.17,30.96,10.28,0.72,304.26,98.78,0.09,0.02,35.92,18.83,26.39,0.69,56.93,1.2
550.95,435.37,0.06,115.58,56.19,379.18,51.92,24.91,1.86,19.54,28.69,6.1,0,279.61,99.57,0.09,0.03,33.16,18.76,38.01,0.68,28.15,3.24
547.74,432.83,0.06,114.91,59.62,373.1,58.56,19.67,1.91,18.24,32.37,7.1,0.11,274.09,99.01,0.08,0.02,40.26,18.3,35.93,0.69,24.43,4.76
601.63,474.11,0.09,127.52,75.44,398.52,58.51,44.55,2.46,20.94,41.29,10.75,0.15,296.03,102.49,0.12,0.03,39.15,19.36,23.7,0.67,45.94,1.39
614,460.56,0.08,153.44,47.34,413.22,54.06,45.81,1.39,8.93,34.26,2.76,0,314.59,98.63,0.19,0.11,36.46,17.6,53.15,0.34,47.5,1.69
587.66,436.64,0.07,151.02,45.69,390.55,58.68,29.93,1.7,10.08,30.78,3.13,0.4,292.08,98.47,0.15,0.08,38.44,20.24,61.65,0.69,31.93,2
574.1,431.78,0.09,142.32,57.92,373.86,61.88,46.63,1.95,14.93,37.78,3.26,0,275.35,98.51,0.17,0.08,41.58,20.3,33.06,0.66,46.63,0
564.97,425.99,0,138.98,37.29,388.7,57.98,35.24,1.7,1.95,30.56,3.08,0,289.46,99.24,0.16,0.16,38.08,19.9,45.06,0.7,35.67,0.43
516.91,394.66,0,122.25,22.71,371.95,51.55,18.98,1.7,0.16,17.63,3.22,0,272.74,99.21,0.14,0.14,35.28,16.27,51.02,0.7,23.2,4.22
514.39,410.4,0.02,103.99,31.13,379.27,42.87,27.12,3,2.85,22.62,2.66,0,280.2,99.07,0.14,0.12,30.85,12.02,33.32,0.66,29.81,2.69
573.13,450.8,0.03,122.33,47.73,403.07,45.18,47.32,3.53,6.43,33.06,4.71,0,304.64,98.43,0.15,0.12,29.43,15.75,29.14,0.66,47.32,0
590.91,456.68,0.04,134.23,53.81,402.87,51.25,50.36,3.65,6.99,36.65,6.52,0,306.56,96.31,0.19,0.15,35.97,15.28,32.02,0.56,50.46,0.1
584.39,447.76,-0.01,136.63,40.91,406.85,50.85,28.02,2.98,2.82,32.16,2.95,0,308.43,98.42,0.12,0.13,35.22,15.63,57.06,0.71,28.7,0.68
568.72,436.53,0.01,132.19,38.97,397.56,54.65,29.55,3.25,2.35,29.23,4.14,0,303.92,93.64,0.14,0.13,35.97,18.68,47.43,0.55,29.55,0
565.14,426.37,0.04,138.77,33.48,392.89,64.62,41.22,5.05,1.93,23.2,3.3,0,301.96,90.93,0.12,0.08,43.62,21,32.18,0.71,41.22,0
530.12,414.74,0.06,115.38,25.26,389.45,62.15,31.85,3.77,0.93,16.2,4.36,0.03,299.73,89.72,0.22,0.16,43.37,18.78,20.69,0.63,34.17,2.32
542.51,399.72,0.02,142.79,26.02,373.7,62.49,30.18,2.64,1.37,18.01,4,0,282.96,90.74,0.23,0.21,43.4,19.09,49.39,0.71,31.27,1.09
596.16,439.26,0.14,156.9,44.66,394.58,62.02,35.78,2.28,10.14,28.48,3.76,0.02,303.61,90.97,0.25,0.11,45.46,16.56,58.25,0.71,36.22,0.44
571.26,440.42,0.07,130.84,41.79,398.62,44.87,34.32,1.93,6.42,30.43,3.01,0.01,307.14,91.48,0.27,0.2,32.31,12.56,50.91,0.67,35.58,1.26
566.65,450.44,0.04,116.21,55.69,394.69,36.31,39.28,2.19,13.07,36.64,3.79,0.06,304.39,90.3,0.18,0.14,25.14,11.17,39.91,0.67,40.42,1.14
570.96,448.01,0.07,122.95,55.78,392.2,34.03,43.75,3.27,12.34,36.3,3.87,0.03,300.35,91.85,0.23,0.16,22.31,11.72,44.47,0.63,44.89,1.14
570.03,440.22,0.05,129.81,52,388.19,47.94,44.74,3.77,9.76,34.09,4.38,0.03,288.46,99.73,0.21,0.16,31.18,16.76,37.03,0.05,44.74,0
521.68,393.3,0.04,128.38,36.57,356.73,54.07,17.52,1.99,4.41,28.24,1.93,0,249.23,107.5,0.17,0.13,34.99,19.08,56.75,0,19.97,2.45
500.49,371.57,0.02,128.92,29.86,341.71,53.12,14.53,1.99,1.62,24.32,1.93,0,234.33,107.38,0.18,0.16,35.57,17.55,61.25,0,17,2.47
521.93,397.15,0.02,124.78,31.77,365.38,45.28,21.15,2.21,0.11,27.37,2.08,0,257.56,107.82,0.17,0.15,28.84,16.44,58.33,0,21.15,0
542.69,414.35,0.02,128.34,36.32,378.01,53.7,38.38,3.27,0.77,29.38,2.9,0.02,265.8,112.21,0.16,0.14,37.94,15.76,36.24,0,38.38,0
551.82,415.88,-0.01,135.94,39.23,376.64,57.12,32.16,3.18,3.85,29.35,2.85,0.01,263.49,113.15,0.13,0.14,41.28,15.84,46.67,0,32.73,0.57
557.96,411.39,0.02,146.57,43.56,367.82,54.93,30.72,2.86,4.07,33.19,3.44,0.01,260.14,107.68,0.13,0.11,36.73,18.2,60.9,0,30.72,0
544.35,391.22,0,153.13,35.27,355.95,52.41,25.53,2.38,3.8,27.17,1.92,0,255.13,100.82,0.14,0.14,34.1,18.31,75.19,0,26.18,0.65
503.25,359.61,0.04,143.64,29.15,330.46,52.4,18.51,2.14,2.16,22.94,1.91,0,239.7,90.76,0.18,0.14,34.67,17.73,72.69,0,20.97,2.46
491.96,354.18,0.04,137.78,26.69,327.49,60.07,22.27,2.67,1.96,17.62,4.44,0,236.7,90.79,0.16,0.12,39.4,20.67,55.4,0,24.23,1.96
536.45,391.87,0.01,144.58,38.23,353.63,61.58,38.62,3.33,2.79,23.75,8.36,0.01,271.1,82.53,0.12,0.11,42.13,19.45,44.37,0,40.02,1.4
544.9,397.4,0.03,147.5,51.24,346.15,59.51,38.41,3.31,11.82,25.63,10.48,0.01,259.05,87.1,0.16,0.13,40.22,19.29,49.55,0,39.88,1.47
552.76,409.63,0.03,143.13,48.89,360.65,57.09,35.68,3.45,4.15,33.28,8.01,0.09,263.45,97.2,0.14,0.11,37.97,19.12,50.33,0,37.06,1.38
570.39,412.47,0.03,157.92,40.91,371.54,56.1,37.54,3.19,2.72,29,6,0.02,272.35,99.19,0.16,0.13,37.97,18.13,64.25,0,37.82,0.28
560.76,409.23,0.02,151.53,45.56,363.67,59.17,28.42,2.54,3.2,35.1,4.72,0,265.29,98.38,0.14,0.12,40.56,18.61,63.92,0,30.01,1.59
515.01,405.42,0.05,109.59,40.02,365.4,59.66,28.35,2.45,6.13,27.33,4.11,0,266.83,98.57,0.19,0.14,39.77,19.89,21.53,0,30.05,1.7
511.4,382.22,0.06,129.18,34.66,347.56,56.28,18.76,2.28,1.72,27.16,3.5,0,249.61,97.95,0.17,0.11,39.1,17.18,54.08,0,22.94,4.18
540.05,403.43,0.03,136.62,42.9,360.53,48.5,34.11,3.11,4.09,31.64,4.06,0,262.11,98.42,0.07,0.04,31.49,17.01,53.98,0,34.32,0.21
535.35,421.09,0.06,114.26,61.68,359.41,38.51,42.13,3.36,14.44,37.14,6.74,0,261.02,98.39,0.07,0.01,25.41,13.1,33.56,0,43.06,0.93
533.07,405.83,0.05,127.24,51.12,354.71,46,33.88,2.79,8.25,35.29,4.79,0,256.4,98.31,0.06,0.01,30.44,15.56,47.31,0,33.88,0
533.4,396.64,0.04,136.76,47.52,349.12,53.32,39.34,2.87,3.25,32.98,8.42,0,258.78,90.34,0.05,0.01,35.88,17.44,44.06,0,39.34,0
526.37,399.56,0.04,126.81,53.36,346.2,49.91,44.72,3.06,7.78,35.83,6.69,0,256,90.2,0.07,0.03,33.49,16.42,32.14,0,44.72,0
494.47,356.2,0.07,138.27,40.72,315.48,52.93,30.69,2.82,3.44,25.74,8.72,0,249.77,65.71,0.19,0.12,36.48,16.45,54.58,0,31.03,0.34
485.76,352.26,0.05,133.5,38.95,313.31,44.3,25.71,2.68,2.24,25.74,8.29,0,244.7,68.61,0.21,0.16,29.51,14.79,63.44,0,27.6,1.89
529.12,397.17,0.06,131.95,69.54,327.63,50.23,47.31,4.01,7.58,43.04,14.91,0,258.68,68.95,0.17,0.11,32.69,17.54,34.35,0,47.31,0
535.38,406.77,-0.01,128.61,76.14,330.63,57.31,52.17,4.73,10.59,43.87,16.95,0,261.7,68.93,0.12,0.13,37.5,19.81,19.14,0,52.17,0
530.62,396.22,0.05,134.4,67.85,328.36,48.48,55.73,5.11,7.89,33.84,21.01,0.01,258.11,70.25,0.17,0.12,31.49,16.99,30.14,0,55.73,0
534.89,416.92,0.01,117.97,72.73,344.19,40.19,54.24,4.5,3.62,46.85,17.76,0,261.8,82.39,0.13,0.12,26.13,14.06,23.53,0,54.24,0
529.89,390.17,0.03,139.72,48.71,341.46,44.12,39.8,2.76,0.4,42.09,3.46,0,259.59,81.87,0.14,0.11,31.44,12.68,55.77,0,39.8,0
507.64,352.91,0.09,154.73,25.2,327.71,44.8,22.9,1.93,0.2,20.17,2.9,0,246.4,81.31,0.23,0.14,29.23,15.57,86.94,0,24.5,1.6
497.89,346.31,0.09,151.58,27.85,318.46,49.53,22.33,2.67,0.01,21.75,3.42,0,239.35,79.11,0.25,0.16,33.69,15.84,79.63,0,25.95,3.62
530.48,401.2,0.02,129.28,57.97,343.22,52.41,55.35,3.33,2.62,39.62,12.4,0.01,261.14,82.08,0.15,0.13,34.82,17.59,21.5,0,55.35,0
530.35,408.6,0.01,121.75,63.71,344.88,44.96,56.29,3.53,2.13,47.45,10.6,0.01,262.48,82.4,0.12,0.11,29.31,15.65,20.49,0,56.29,0
522.93,387.22,-0.01,135.71,51.67,335.54,44.32,46.28,2.53,0.82,42.91,5.41,0.01,252.63,82.91,0.13,0.14,27.64,16.68,45.12,0,46.75,0.47
519.15,393.98,0.01,125.17,51.87,342.09,43.81,45.31,3.09,0.81,42.46,5.51,0.02,252.04,90.05,0.14,0.13,30.8,13.01,36.04,0,45.94,0.63
481.3,363.06,0.06,118.24,21.25,341.81,35.74,31.62,2.42,0.54,12.23,6.06,0,251.43,90.38,0.2,0.14,22.82,12.92,50.82,0,31.94,0.32
488.76,330.39,0.06,158.37,19.29,311.1,52.43,16.38,2.62,0.14,10.01,6.52,0,234.8,76.3,0.21,0.15,35.18,17.25,89.5,0,23.43,7.05
478.4,353.51,0.05,124.89,22.67,330.84,55.62,34.55,3.17,2.11,9.81,7.58,0,247.7,83.14,0.17,0.12,35.52,20.1,34.67,0,36.97,2.42
481.83,375.6,0.05,106.23,24.91,350.69,53.98,40.77,2.96,2.08,13.47,6.4,0,255.86,94.83,0.18,0.13,36.33,17.65,11.43,0,42.76,1.99
515.4,388.99,0.04,126.41,35.22,353.77,53.56,41.9,2.75,1.8,26.97,3.7,0,257.29,96.48,0.17,0.13,35.9,17.66,30.91,0,41.99,0.09
518.92,377.71,0.06,141.21,29.4,348.28,50.36,29.13,2.37,1.01,23.72,2.3,0.03,252.08,96.2,0.17,0.11,33.03,17.33,61.5,0.16,31.68,2.55
519.43,373.88,0,145.55,26.81,347.04,45.63,33.11,2.58,1.59,20.04,2.6,0.03,255.49,91.55,0.15,0.15,29.58,16.05,66.51,0.3,34.53,1.42
529.25,381.18,0.00999999999999998,148.07,28.31,352.85,49.85,37.73,2.82,2.75,19.09,3.65,0.02,258.2,94.65,0.15,0.14,33.66,16.19,60.3,0.18,39.06,1.33
495.82,390.7,0.03,105.12,31.97,358.73,38.18,43.42,3.48,4.06,18.51,5.92,0,261.42,97.31,0.14,0.11,24.87,13.31,23.31,0.18,43.85,0.43
484.16,372.42,0.01,111.74,22.56,349.86,43.52,41.88,2.8,1.32,12.03,6.41,0,255.84,94.02,0.12,0.11,27.88,15.64,26.21,0.12,43.36,1.48
522.57,381.1,0.08,141.47,32.34,348.76,41.54,37.08,3.17,3.02,20.02,6.13,0,254.97,93.79,0.22,0.14,27.4,14.14,62.77,0,38.57,1.49
524.53,391.9,0.08,132.63,32.36,359.54,46.68,39.46,3.31,2.76,20.04,6.25,0,261.99,97.55,0.21,0.13,33.14,13.54,46.41,0,41.59,2.13
527.44,398.1,0.09,129.34,34.26,363.84,52.41,41.96,3.48,2.94,20.4,7.44,0,255.74,108.1,0.22,0.13,35,17.41,34.88,0,43.53,1.57
528.72,387.76,0.05,140.96,27.79,359.97,44.27,39.08,2.46,1.12,21.68,2.53,0,252.42,107.55,0.17,0.12,28.95,15.32,57.56,0,40.67,1.59
520.97,393.66,0.04,127.31,33,360.66,51.5,40.38,2.68,1.72,25.33,3.27,0,252.39,108.27,0.14,0.1,34.65,16.85,35.39,0,41.15,0.77
480.4,353.05,0.07,127.35,18.5,334.55,47.66,29.81,2.44,0.49,12.67,2.9,0,236.84,97.71,0.2,0.13,31.36,16.3,49.81,0,32.53,2.72
481.95,348.77,-0.01,133.18,20.12,328.65,41.8,30.94,2.04,0.23,14.04,3.81,0,236.49,92.16,0.1,0.11,27.58,14.22,60.45,0,34.62,3.68
523.93,401.13,0.01,122.8,30.35,370.78,48.29,45.18,2.15,2.72,21.59,3.89,0,267.71,103.07,0.12,0.11,30.32,17.97,29.32,0,45.19,0.01
527.88,378.38,0.02,149.5,29.71,348.67,35.61,36.93,2.19,0.45,24.63,2.44,0,246.13,102.54,0.13,0.11,22.44,13.17,76.94,0,36.93,0
534.42,396.6,0.07,137.82,31.58,365.02,30.47,41.56,2.14,1.8,24.3,3.34,0,257.17,107.85,0.22,0.15,21.15,9.32,65.72,0,41.56,0
552.77,397.04,0.13,155.73,28.01,369.03,33.07,44.62,2.16,0.6,21.48,3.77,0,259.49,109.54,0.27,0.14,21.54,11.53,77.91,0,44.72,0.1
560.6,376.46,0.04,184.14,21.02,355.44,40.19,38.52,2.05,0.41,16.27,2.29,0,250.62,104.82,0.16,0.12,28.13,12.06,105.39,0,40.15,1.63
521.96,346.78,0.09,175.18,15.97,330.81,39,29.97,1.95,0.78,10.91,2.33,0,233.59,97.22,0.22,0.13,30.02,8.98,106.12,0,33.54,3.57
505.56,375.79,0.07,129.77,24.9,350.89,43.92,44.68,2.67,3.43,14.1,4.7,0,249.54,101.35,0.18,0.11,30.48,13.44,41.1,0,47.14,2.46
539.37,422.13,0.07,117.24,45.26,376.87,45.4,55.94,3.22,10.17,26.34,5.53,0,270.42,106.45,0.19,0.12,28.97,16.43,15.83,0,58.79,2.85
543.4,402.82,0.05,140.58,32.61,370.21,49.78,51.38,2.49,1.9,25.21,3.01,0,261.9,108.31,0.17,0.12,32.55,17.23,39.37,0,51.38,0
521.55,372.91,0.08,148.64,19.24,353.67,43.32,33.58,0.01,0.88,16.19,2.16,0,256.1,97.57,0.19,0.11,28.47,14.85,71.66,0,34.47,0.89
534.09,371.16,0.08,162.93,23.33,347.8,36.74,30.95,2.57,0.95,17.88,1.93,0.03,257.71,90.09,0.21,0.13,24.86,11.88,95.16,0,32.13,1.18
523.43,367.08,0.08,156.35,29.07,337.98,44.34,42.89,2.76,2.44,21.94,1.93,0.03,251.12,86.86,0.21,0.13,29.47,14.87,69.04,0,43.87,0.98
501.44,348.95,0.08,152.49,23.37,325.58,37.16,30.25,2,1.17,17.92,2.28,0,240.17,85.41,0.2,0.12,24.44,12.72,85,0,33.18,2.93
502.79,373.04,0.03,129.75,39.76,333.28,43.56,43.2,2.99,5.5,25.51,5.76,0,246.13,87.15,0.13,0.1,28.02,15.54,42.96,0,45.23,2.03
551.23,416.58,0.07,134.65,46.47,370.11,49.54,53.47,3.17,3.98,34.48,4.84,0,272.24,97.87,0.14,0.07,31.61,17.93,31.57,0,53.87,0.4
554.86,400.02,0.05,154.84,41.57,358.44,42.64,45.74,2.91,3.57,30.2,4.89,0.01,264.48,93.96,0.19,0.14,26.69,15.95,66.41,0,45.74,0
556.7,436.05,0.07,120.65,55.62,380.4,36.08,56.25,3.82,6.56,35.57,9.67,0.03,285.08,95.32,0.14,0.07,22.85,13.23,28.25,0,56.25,0
563.89,445.02,0.06,118.87,56.67,388.34,40.89,56.9,3.55,9.13,34.32,9.67,0.01,291.67,96.67,0.15,0.09,25.28,15.61,21.02,0,56.9,0
561.25,436.74,0.07,124.51,48.19,388.55,46.15,55.72,3.76,6.65,28.04,9.74,0,285.5,103.05,0.15,0.08,29.69,16.46,22.57,0,55.72,0
515.82,389.29,0.06,126.53,41.5,347.79,44.19,46.44,3.29,3.17,24.38,10.66,0,264.2,83.59,0.18,0.12,28.39,15.8,35.84,0,47.99,1.55
506.77,380.43,0.03,126.34,40.06,340.37,45.6,47.06,3.42,2.5,26.54,7.6,0,256.92,83.45,0.13,0.1,28.87,16.73,33.65,0,48.8,1.74
550.13,404.86,0.06,145.27,51.25,353.61,36.86,49.23,3.27,6.36,34.82,6.8,0,269.6,84.01,0.16,0.1,24.86,12,59.12,0,49.79,0.56
545.31,381.85,0.06,163.46,39.79,342.06,32.04,41.55,2.31,3.02,29.01,5.45,0,261.01,81.05,0.2,0.14,22.42,9.62,89.81,0,42.46,0.91
547.46,400.77,0.07,146.69,41.83,358.94,26.5,40.44,3.16,2.53,32.76,3.38,0,276.18,82.76,0.19,0.12,18.38,8.12,79.68,0,41.61,1.17
561.86,432.57,0.1,129.29,60.54,372.03,20.28,56.45,4.2,5.55,38.58,12.21,0,289.81,82.22,0.22,0.12,13.32,6.96,52.46,0,57.67,1.22
576.9,452.89,0.12,124.01,74.62,378.27,25.78,64.65,4.7,8.91,42.98,18.03,0,292.22,86.05,0.26,0.14,17.74,8.04,33.46,0,65.59,0.94
544.85,417.19,0.08,127.66,34.48,382.71,20.71,46.68,3,2.73,24.17,4.58,0,283.05,99.66,0.2,0.12,13.68,7.03,60.19,0,47.46,0.78
526.43,395.85,0.08,130.58,28.22,367.63,38.08,38.71,3.5,1.08,18.96,4.68,0,267.93,99.7,0.18,0.1,22.31,15.77,53.71,0,41.75,3.04
574.59,434.76,0.05,139.83,51.99,382.77,43.23,52.73,4.3,6.08,34.11,7.5,0,285.39,97.38,0.18,0.13,25.93,17.3,43.82,0,53.2,0.47
573.25,425.6,0.11,147.65,46.85,378.75,39.93,51.9,3.29,7.64,29.93,5.99,0,292.43,86.32,0.22,0.11,25.71,14.22,55.71,0,54.27,2.37
559.92,428.42,0.06,131.5,61.66,366.76,35.68,54.2,4.15,8.9,37.72,10.89,0,285.71,81.05,0.21,0.15,22.45,13.23,41.56,0,54.36,0.16
555.59,441.14,0.1,114.45,74.73,366.41,38.03,56.28,4.93,10.35,44.6,14.85,0,290.26,76.15,0.22,0.12,24.7,13.33,20.04,0,57.41,1.13
558.38,419.74,0.1,138.64,54.91,364.83,41.1,51.42,3.95,7.59,36.14,7.23,0,289.44,75.39,0.22,0.12,25.61,15.49,46.02,0,52.77,1.35
516.11,354.44,0.05,161.67,23.19,331.25,40.29,24.28,2.64,1.1,16.82,2.63,0,247.04,84.21,0.17,0.12,26.69,13.6,97.05,0,28.5,4.22
504.61,365.22,0.06,139.39,28.74,336.48,32.39,35.21,2.4,0.92,21.87,3.55,0,243.47,93.01,0.18,0.12,20.44,11.95,71.73,0,35.21,0
568.73,402.03,0.06,166.7,40.09,361.94,31.42,42.7,2.73,4.56,29.57,3.23,0,263.08,98.86,0.19,0.13,20.79,10.63,92.52,0,43.56,0.86
593.33,433.78,0.09,159.55,49.62,384.14,33.98,47.7,3.26,5.55,36.14,4.67,0.02,278.53,105.61,0.21,0.12,22.97,11.01,77.78,0,49.43,1.73
584.98,450.05,0.09,134.93,57.36,392.68,38.64,42.6,2.85,9.83,38.25,6.43,0.01,281.37,111.31,0.19,0.1,26.53,12.11,53.6,0,43.7,1.1
591.82,467.67,0.11,124.15,58.24,409.41,41.02,53.78,3.64,7.67,38.92,8.01,0.02,296.3,113.11,0.24,0.13,27.02,14,29.24,0,53.78,0
586.54,476.07,0.12,110.47,62.96,413.11,38.61,55.1,1.81,10.76,42.06,8.33,0,300.74,112.37,0.22,0.1,27.51,11.1,16.64,0,55.16,0.06
555.72,462.41,0.07,93.31,48.75,413.66,37.12,44.44,4.24,8.59,30.01,5.91,0,300.02,113.64,0.18,0.11,24.17,12.95,10.94,0.74,47.32,2.88
547.61,446.82,0.07,100.79,49.67,397.15,30.37,41.7,2.98,7.29,34.39,5.01,0,284.99,112.16,0.16,0.09,20.02,10.35,28.59,0.06,45.53,3.83
560.79,446.54,0.06,114.25,54.53,392.01,40.62,46.46,3.07,7.15,35.33,8.98,0,279.03,112.98,0.17,0.11,26.29,14.33,27.11,0,49.82,3.36
600.1,471.49,0.13,128.61,77.07,394.4,36.95,56.9,4.05,14.82,46.51,11.69,0.02,281.68,112.72,0.25,0.12,24.54,12.41,33.98,0.65,59.69,2.79
594.05,482.52,0.16,111.53,77.01,405.21,31.17,52.06,4.31,17.16,43.58,11.96,0.3,291.62,113.59,0.34,0.18,20.35,10.82,27.52,0.62,54.17,2.11
